,City,Cloudiness,Country,Date,Humidity,Latitude,Longitude,Max Temperature,Wind Speed
0,Jamestown,0,AU,1569963679,24,-33.21,138.6,65,11.34
1,Jamestown,0,AU,1569963679,24,-33.21,138.6,65,11.34
2,Jamestown,0,AU,1569963679,24,-33.21,138.6,65,11.34
3,Jamestown,0,AU,1569963598,24,-33.21,138.6,65,11.34
4,Jamestown,0,AU,1569963598,24,-33.21,138.6,65,11.34
5,Jamestown,0,AU,1569963598,24,-33.21,138.6,65,11.34
6,Jamestown,0,AU,1569963781,24,-33.21,138.6,65,11.34
7,Jamestown,0,AU,1569963598,24,-33.21,138.6,65,11.34
8,Jamestown,0,AU,1569963598,24,-33.21,138.6,65,11.34
9,Jamestown,0,AU,1569963624,24,-33.21,138.6,65,11.34
10,Jamestown,0,AU,1569963624,24,-33.21,138.6,65,11.34
11,Jamestown,0,AU,1569963679,24,-33.21,138.6,65,11.34
12,Jamestown,0,AU,1569963624,24,-33.21,138.6,65,11.34
13,Jamestown,0,AU,1569963781,24,-33.21,138.6,65,11.34
14,Jamestown,0,AU,1569963781,24,-33.21,138.6,65,11.34
15,Jamestown,0,AU,1569963679,24,-33.21,138.6,65,11.34
16,Jamestown,0,AU,1569963679,24,-33.21,138.6,65,11.34
17,Jamestown,0,AU,1569963624,24,-33.21,138.6,65,11.34
18,Jamestown,0,AU,1569963624,24,-33.21,138.6,65,11.34
19,Jamestown,0,AU,1569963781,24,-33.21,138.6,65,11.34
20,Jamestown,0,AU,1569963781,24,-33.21,138.6,65,11.34
21,Jamestown,0,AU,1569963624,24,-33.21,138.6,65,11.34
22,Jamestown,0,AU,1569963679,24,-33.21,138.6,65,11.34
23,Jamestown,0,AU,1569963598,24,-33.21,138.6,65,11.34
24,Jamestown,0,AU,1569963598,24,-33.21,138.6,65,11.34
25,Jamestown,0,AU,1569963679,24,-33.21,138.6,65,11.34
26,Jamestown,0,AU,1569963781,24,-33.21,138.6,65,11.34
27,Jamestown,0,AU,1569963624,24,-33.21,138.6,65,11.34
28,Jamestown,0,AU,1569963781,24,-33.21,138.6,65,11.34
29,Jamestown,0,AU,1569963679,24,-33.21,138.6,65,11.34
30,Jamestown,0,AU,1569963781,24,-33.21,138.6,65,11.34
31,Jamestown,0,AU,1569963781,24,-33.21,138.6,65,11.34
32,Jamestown,0,AU,1569963679,24,-33.21,138.6,65,11.34
33,Jamestown,0,AU,1569963598,24,-33.21,138.6,65,11.34
34,Jamestown,0,AU,1569963598,24,-33.21,138.6,65,11.34
35,Jamestown,0,AU,1569963624,24,-33.21,138.6,65,11.34
36,Jamestown,0,AU,1569963781,24,-33.21,138.6,65,11.34
37,Jamestown,0,AU,1569963598,24,-33.21,138.6,65,11.34
38,Jamestown,0,AU,1569963624,24,-33.21,138.6,65,11.34
39,Jamestown,0,AU,1569963781,24,-33.21,138.6,65,11.34
40,Jamestown,0,AU,1569963679,24,-33.21,138.6,65,11.34
41,Jamestown,0,AU,1569963679,24,-33.21,138.6,65,11.34
42,Jamestown,0,AU,1569963679,24,-33.21,138.6,65,11.34
43,Jamestown,0,AU,1569963598,24,-33.21,138.6,65,11.34
44,Jamestown,0,AU,1569963781,24,-33.21,138.6,65,11.34
45,Jamestown,0,AU,1569963598,24,-33.21,138.6,65,11.34
46,Jamestown,0,AU,1569963679,24,-33.21,138.6,65,11.34
47,Jamestown,0,AU,1569963679,24,-33.21,138.6,65,11.34
48,Jamestown,0,AU,1569963624,24,-33.21,138.6,65,11.34
49,Jamestown,0,AU,1569963624,24,-33.21,138.6,65,11.34
50,Jamestown,0,AU,1569963679,24,-33.21,138.6,65,11.34
51,Jamestown,0,AU,1569963679,24,-33.21,138.6,65,11.34
52,Jamestown,0,AU,1569963598,24,-33.21,138.6,65,11.34
53,Jamestown,0,AU,1569963598,24,-33.21,138.6,65,11.34
54,Jamestown,0,AU,1569963781,24,-33.21,138.6,65,11.34
55,Jamestown,0,AU,1569963781,24,-33.21,138.6,65,11.34
56,Jamestown,0,AU,1569963598,24,-33.21,138.6,65,11.34
57,Jamestown,0,AU,1569963624,24,-33.21,138.6,65,11.34
58,Jamestown,0,AU,1569963679,24,-33.21,138.6,65,11.34
59,Jamestown,0,AU,1569963598,24,-33.21,138.6,65,11.34
60,Jamestown,0,AU,1569963598,24,-33.21,138.6,65,11.34
61,Jamestown,0,AU,1569963624,24,-33.21,138.6,65,11.34
62,Jamestown,0,AU,1569963624,24,-33.21,138.6,65,11.34
63,Jamestown,0,AU,1569963598,24,-33.21,138.6,65,11.34
64,Jamestown,0,AU,1569963624,24,-33.21,138.6,65,11.34
65,Jamestown,0,AU,1569963624,24,-33.21,138.6,65,11.34
66,Jamestown,0,AU,1569963598,24,-33.21,138.6,65,11.34
67,Jamestown,0,AU,1569963781,24,-33.21,138.6,65,11.34
68,Jamestown,0,AU,1569963781,24,-33.21,138.6,65,11.34
69,Jamestown,0,AU,1569963781,24,-33.21,138.6,65,11.34
70,Jamestown,0,AU,1569963781,24,-33.21,138.6,65,11.34
71,Jamestown,0,AU,1569963781,24,-33.21,138.6,65,11.34
72,Jamestown,0,AU,1569963679,24,-33.21,138.6,65,11.34
73,Jamestown,0,AU,1569963624,24,-33.21,138.6,65,11.34
74,Jamestown,0,AU,1569963624,24,-33.21,138.6,65,11.34
75,Jamestown,0,AU,1569963598,24,-33.21,138.6,65,11.34
76,Jamestown,0,AU,1569963624,24,-33.21,138.6,65,11.34
77,Jamestown,0,AU,1569963781,24,-33.21,138.6,65,11.34
78,Jamestown,0,AU,1569963781,24,-33.21,138.6,65,11.34
79,Jamestown,0,AU,1569963598,24,-33.21,138.6,65,11.34
80,Jamestown,0,AU,1569963781,24,-33.21,138.6,65,11.34
81,Jamestown,0,AU,1569963624,24,-33.21,138.6,65,11.34
82,Jamestown,0,AU,1569963679,24,-33.21,138.6,65,11.34
83,Jamestown,0,AU,1569963598,24,-33.21,138.6,65,11.34
84,Jamestown,0,AU,1569963598,24,-33.21,138.6,65,11.34
85,Jamestown,0,AU,1569963679,24,-33.21,138.6,65,11.34
86,Jamestown,0,AU,1569963781,24,-33.21,138.6,65,11.34
87,Jamestown,0,AU,1569963624,24,-33.21,138.6,65,11.34
88,Jamestown,0,AU,1569963598,24,-33.21,138.6,65,11.34
89,Jamestown,0,AU,1569963781,24,-33.21,138.6,65,11.34
90,Jamestown,0,AU,1569963781,24,-33.21,138.6,65,11.34
91,Jamestown,0,AU,1569963781,24,-33.21,138.6,65,11.34
92,Jamestown,0,AU,1569963679,24,-33.21,138.6,65,11.34
93,Jamestown,0,AU,1569963624,24,-33.21,138.6,65,11.34
94,Jamestown,0,AU,1569963624,24,-33.21,138.6,65,11.34
95,Jamestown,0,AU,1569963624,24,-33.21,138.6,65,11.34
96,Jamestown,0,AU,1569963781,24,-33.21,138.6,65,11.34
97,Jamestown,0,AU,1569963598,24,-33.21,138.6,65,11.34
98,Jamestown,0,AU,1569963679,24,-33.21,138.6,65,11.34
99,Jamestown,0,AU,1569963624,24,-33.21,138.6,65,11.34
100,Jamestown,0,AU,1569963781,24,-33.21,138.6,65,11.34
101,Jamestown,0,AU,1569963781,24,-33.21,138.6,65,11.34
102,Jamestown,0,AU,1569963679,24,-33.21,138.6,65,11.34
103,Jamestown,0,AU,1569963624,24,-33.21,138.6,65,11.34
104,Jamestown,0,AU,1569963598,24,-33.21,138.6,65,11.34
105,Jamestown,0,AU,1569963598,24,-33.21,138.6,65,11.34
106,Jamestown,0,AU,1569963624,24,-33.21,138.6,65,11.34
107,Jamestown,0,AU,1569963679,24,-33.21,138.6,65,11.34
108,Jamestown,0,AU,1569963781,24,-33.21,138.6,65,11.34
109,Jamestown,0,AU,1569963598,24,-33.21,138.6,65,11.34
110,Jamestown,0,AU,1569963679,24,-33.21,138.6,65,11.34
111,Jamestown,0,AU,1569963624,24,-33.21,138.6,65,11.34
112,Jamestown,0,AU,1569963624,24,-33.21,138.6,65,11.34
113,Jamestown,0,AU,1569963624,24,-33.21,138.6,65,11.34
114,Jamestown,0,AU,1569963781,24,-33.21,138.6,65,11.34
115,Jamestown,0,AU,1569963598,24,-33.21,138.6,65,11.34
116,Jamestown,0,AU,1569963781,24,-33.21,138.6,65,11.34
117,Jamestown,0,AU,1569963679,24,-33.21,138.6,65,11.34
118,Jamestown,0,AU,1569963624,24,-33.21,138.6,65,11.34
119,Jamestown,0,AU,1569963781,24,-33.21,138.6,65,11.34
120,Jamestown,0,AU,1569963598,24,-33.21,138.6,65,11.34
121,Jamestown,0,AU,1569963624,24,-33.21,138.6,65,11.34
122,Jamestown,0,AU,1569963624,24,-33.21,138.6,65,11.34
123,Jamestown,0,AU,1569963781,24,-33.21,138.6,65,11.34
124,Jamestown,0,AU,1569963679,24,-33.21,138.6,65,11.34
125,Jamestown,0,AU,1569963598,24,-33.21,138.6,65,11.34
126,Jamestown,0,AU,1569963624,24,-33.21,138.6,65,11.34
127,Jamestown,0,AU,1569963781,24,-33.21,138.6,65,11.34
128,Jamestown,0,AU,1569963598,24,-33.21,138.6,65,11.34
129,Jamestown,0,AU,1569963781,24,-33.21,138.6,65,11.34
130,Jamestown,0,AU,1569963624,24,-33.21,138.6,65,11.34
131,Jamestown,0,AU,1569963598,24,-33.21,138.6,65,11.34
132,Jamestown,0,AU,1569963679,24,-33.21,138.6,65,11.34
133,Jamestown,0,AU,1569963624,24,-33.21,138.6,65,11.34
134,Jamestown,0,AU,1569963679,24,-33.21,138.6,65,11.34
135,Jamestown,0,AU,1569963781,24,-33.21,138.6,65,11.34
136,Jamestown,0,AU,1569963679,24,-33.21,138.6,65,11.34
137,Jamestown,0,AU,1569963598,24,-33.21,138.6,65,11.34
138,Jamestown,0,AU,1569963598,24,-33.21,138.6,65,11.34
139,Jamestown,0,AU,1569963598,24,-33.21,138.6,65,11.34
140,Jamestown,0,AU,1569963781,24,-33.21,138.6,65,11.34
141,Jamestown,0,AU,1569963781,24,-33.21,138.6,65,11.34
142,Jamestown,0,AU,1569963598,24,-33.21,138.6,65,11.34
143,Jamestown,0,AU,1569963598,24,-33.21,138.6,65,11.34
144,Jamestown,0,AU,1569963624,24,-33.21,138.6,65,11.34
145,Jamestown,0,AU,1569963679,24,-33.21,138.6,65,11.34
146,Jamestown,0,AU,1569963781,24,-33.21,138.6,65,11.34
147,Jamestown,0,AU,1569963624,24,-33.21,138.6,65,11.34
148,Jamestown,0,AU,1569963781,24,-33.21,138.6,65,11.34
149,Jamestown,0,AU,1569963679,24,-33.21,138.6,65,11.34
150,Jamestown,0,AU,1569963679,24,-33.21,138.6,65,11.34
151,Jamestown,0,AU,1569963679,24,-33.21,138.6,65,11.34
152,Jamestown,0,AU,1569963624,24,-33.21,138.6,65,11.34
153,Jamestown,0,AU,1569963598,24,-33.21,138.6,65,11.34
154,Jamestown,0,AU,1569963679,24,-33.21,138.6,65,11.34
155,Jamestown,0,AU,1569963624,24,-33.21,138.6,65,11.34
156,Jamestown,0,AU,1569963679,24,-33.21,138.6,65,11.34
157,Jamestown,0,AU,1569963624,24,-33.21,138.6,65,11.34
158,Jamestown,0,AU,1569963624,24,-33.21,138.6,65,11.34
159,Jamestown,0,AU,1569963598,24,-33.21,138.6,65,11.34
160,Jamestown,0,AU,1569963624,24,-33.21,138.6,65,11.34
161,Jamestown,0,AU,1569963679,24,-33.21,138.6,65,11.34
162,Jamestown,0,AU,1569963781,24,-33.21,138.6,65,11.34
163,Jamestown,0,AU,1569963598,24,-33.21,138.6,65,11.34
164,Jamestown,0,AU,1569963624,24,-33.21,138.6,65,11.34
165,Jamestown,0,AU,1569963679,24,-33.21,138.6,65,11.34
166,Jamestown,0,AU,1569963624,24,-33.21,138.6,65,11.34
167,Jamestown,0,AU,1569963624,24,-33.21,138.6,65,11.34
168,Jamestown,0,AU,1569963598,24,-33.21,138.6,65,11.34
169,Jamestown,0,AU,1569963624,24,-33.21,138.6,65,11.34
170,Jamestown,0,AU,1569963679,24,-33.21,138.6,65,11.34
171,Jamestown,0,AU,1569963781,24,-33.21,138.6,65,11.34
172,Jamestown,0,AU,1569963781,24,-33.21,138.6,65,11.34
173,Jamestown,0,AU,1569963598,24,-33.21,138.6,65,11.34
174,Jamestown,0,AU,1569963598,24,-33.21,138.6,65,11.34
175,Jamestown,0,AU,1569963679,24,-33.21,138.6,65,11.34
176,Jamestown,0,AU,1569963781,24,-33.21,138.6,65,11.34
177,Jamestown,0,AU,1569963679,24,-33.21,138.6,65,11.34
178,Jamestown,0,AU,1569963781,24,-33.21,138.6,65,11.34
179,Jamestown,0,AU,1569963598,24,-33.21,138.6,65,11.34
180,Jamestown,0,AU,1569963624,24,-33.21,138.6,65,11.34
181,Jamestown,0,AU,1569963679,24,-33.21,138.6,65,11.34
182,Jamestown,0,AU,1569963781,24,-33.21,138.6,65,11.34
183,Jamestown,0,AU,1569963781,24,-33.21,138.6,65,11.34
184,Jamestown,0,AU,1569963624,24,-33.21,138.6,65,11.34
185,Jamestown,0,AU,1569963781,24,-33.21,138.6,65,11.34
186,Jamestown,0,AU,1569963598,24,-33.21,138.6,65,11.34
187,Jamestown,0,AU,1569963624,24,-33.21,138.6,65,11.34
188,Jamestown,0,AU,1569963781,24,-33.21,138.6,65,11.34
189,Jamestown,0,AU,1569963598,24,-33.21,138.6,65,11.34
190,Jamestown,0,AU,1569963624,24,-33.21,138.6,65,11.34
191,Jamestown,0,AU,1569963679,24,-33.21,138.6,65,11.34
192,Jamestown,0,AU,1569963624,24,-33.21,138.6,65,11.34
193,Jamestown,0,AU,1569963598,24,-33.21,138.6,65,11.34
194,Jamestown,0,AU,1569963679,24,-33.21,138.6,65,11.34
195,Jamestown,0,AU,1569963624,24,-33.21,138.6,65,11.34
196,Jamestown,0,AU,1569963679,24,-33.21,138.6,65,11.34
197,Jamestown,0,AU,1569963598,24,-33.21,138.6,65,11.34
198,Jamestown,0,AU,1569963598,24,-33.21,138.6,65,11.34
199,Jamestown,0,AU,1569963624,24,-33.21,138.6,65,11.34
200,Jamestown,0,AU,1569963679,24,-33.21,138.6,65,11.34
201,Jamestown,0,AU,1569963781,24,-33.21,138.6,65,11.34
202,Jamestown,0,AU,1569963781,24,-33.21,138.6,65,11.34
203,Jamestown,0,AU,1569963679,24,-33.21,138.6,65,11.34
204,Jamestown,0,AU,1569963679,24,-33.21,138.6,65,11.34
205,Jamestown,0,AU,1569963679,24,-33.21,138.6,65,11.34
206,Jamestown,0,AU,1569963598,24,-33.21,138.6,65,11.34
207,Jamestown,0,AU,1569963679,24,-33.21,138.6,65,11.34
208,Jamestown,0,AU,1569963624,24,-33.21,138.6,65,11.34
209,Jamestown,0,AU,1569963781,24,-33.21,138.6,65,11.34
210,Jamestown,0,AU,1569963598,24,-33.21,138.6,65,11.34
211,Jamestown,0,AU,1569963598,24,-33.21,138.6,65,11.34
212,Jamestown,0,AU,1569963781,24,-33.21,138.6,65,11.34
213,Jamestown,0,AU,1569963624,24,-33.21,138.6,65,11.34
214,Jamestown,0,AU,1569963624,24,-33.21,138.6,65,11.34
215,Jamestown,0,AU,1569963598,24,-33.21,138.6,65,11.34
216,Jamestown,0,AU,1569963679,24,-33.21,138.6,65,11.34
217,Jamestown,0,AU,1569963781,24,-33.21,138.6,65,11.34
218,Jamestown,0,AU,1569963679,24,-33.21,138.6,65,11.34
219,Jamestown,0,AU,1569963624,24,-33.21,138.6,65,11.34
220,Jamestown,0,AU,1569963624,24,-33.21,138.6,65,11.34
221,Jamestown,0,AU,1569963781,24,-33.21,138.6,65,11.34
222,Jamestown,0,AU,1569963679,24,-33.21,138.6,65,11.34
223,Jamestown,0,AU,1569963781,24,-33.21,138.6,65,11.34
224,Jamestown,0,AU,1569963624,24,-33.21,138.6,65,11.34
225,Jamestown,0,AU,1569963679,24,-33.21,138.6,65,11.34
226,Jamestown,0,AU,1569963598,24,-33.21,138.6,65,11.34
227,Jamestown,0,AU,1569963781,24,-33.21,138.6,65,11.34
228,Jamestown,0,AU,1569963679,24,-33.21,138.6,65,11.34
229,Jamestown,0,AU,1569963598,24,-33.21,138.6,65,11.34
230,Jamestown,0,AU,1569963679,24,-33.21,138.6,65,11.34
231,Jamestown,0,AU,1569963624,24,-33.21,138.6,65,11.34
232,Jamestown,0,AU,1569963781,24,-33.21,138.6,65,11.34
233,Jamestown,0,AU,1569963781,24,-33.21,138.6,65,11.34
234,Jamestown,0,AU,1569963679,24,-33.21,138.6,65,11.34
235,Jamestown,0,AU,1569963679,24,-33.21,138.6,65,11.34
236,Jamestown,0,AU,1569963781,24,-33.21,138.6,65,11.34
237,Jamestown,0,AU,1569963679,24,-33.21,138.6,65,11.34
238,Jamestown,0,AU,1569963624,24,-33.21,138.6,65,11.34
239,Jamestown,0,AU,1569963781,24,-33.21,138.6,65,11.34
240,Jamestown,0,AU,1569963679,24,-33.21,138.6,65,11.34
241,Jamestown,0,AU,1569963598,24,-33.21,138.6,65,11.34
242,Jamestown,0,AU,1569963598,24,-33.21,138.6,65,11.34
243,Jamestown,0,AU,1569963781,24,-33.21,138.6,65,11.34
244,Jamestown,0,AU,1569963624,24,-33.21,138.6,65,11.34
245,Jamestown,0,AU,1569963598,24,-33.21,138.6,65,11.34
246,Jamestown,0,AU,1569963679,24,-33.21,138.6,65,11.34
247,Jamestown,0,AU,1569963624,24,-33.21,138.6,65,11.34
248,Jamestown,0,AU,1569963781,24,-33.21,138.6,65,11.34
249,Jamestown,0,AU,1569963598,24,-33.21,138.6,65,11.34
250,Jamestown,0,AU,1569963781,24,-33.21,138.6,65,11.34
251,Jamestown,0,AU,1569963679,24,-33.21,138.6,65,11.34
252,Jamestown,0,AU,1569963781,24,-33.21,138.6,65,11.34
253,Jamestown,0,AU,1569963598,24,-33.21,138.6,65,11.34
254,Jamestown,0,AU,1569963598,24,-33.21,138.6,65,11.34
255,Jamestown,0,AU,1569963598,24,-33.21,138.6,65,11.34
256,Jamestown,0,AU,1569963679,24,-33.21,138.6,65,11.34
257,Jamestown,0,AU,1569963781,24,-33.21,138.6,65,11.34
258,Jamestown,0,AU,1569963598,24,-33.21,138.6,65,11.34
259,Jamestown,0,AU,1569963679,24,-33.21,138.6,65,11.34
260,Jamestown,0,AU,1569963679,24,-33.21,138.6,65,11.34
261,Jamestown,0,AU,1569963781,24,-33.21,138.6,65,11.34
262,Jamestown,0,AU,1569963598,24,-33.21,138.6,65,11.34
263,Jamestown,0,AU,1569963598,24,-33.21,138.6,65,11.34
264,Jamestown,0,AU,1569963598,24,-33.21,138.6,65,11.34
265,Jamestown,0,AU,1569963679,24,-33.21,138.6,65,11.34
266,Jamestown,0,AU,1569963679,24,-33.21,138.6,65,11.34
267,Jamestown,0,AU,1569963598,24,-33.21,138.6,65,11.34
268,Jamestown,0,AU,1569963781,24,-33.21,138.6,65,11.34
269,Jamestown,0,AU,1569963679,24,-33.21,138.6,65,11.34
270,Jamestown,0,AU,1569963624,24,-33.21,138.6,65,11.34
271,Jamestown,0,AU,1569963624,24,-33.21,138.6,65,11.34
272,Jamestown,0,AU,1569963679,24,-33.21,138.6,65,11.34
273,Jamestown,0,AU,1569963624,24,-33.21,138.6,65,11.34
274,Jamestown,0,AU,1569963679,24,-33.21,138.6,65,11.34
275,Jamestown,0,AU,1569963598,24,-33.21,138.6,65,11.34
276,Jamestown,0,AU,1569963598,24,-33.21,138.6,65,11.34
277,Jamestown,0,AU,1569963624,24,-33.21,138.6,65,11.34
278,Jamestown,0,AU,1569963624,24,-33.21,138.6,65,11.34
279,Jamestown,0,AU,1569963781,24,-33.21,138.6,65,11.34
280,Jamestown,0,AU,1569963679,24,-33.21,138.6,65,11.34
281,Jamestown,0,AU,1569963679,24,-33.21,138.6,65,11.34
282,Jamestown,0,AU,1569963598,24,-33.21,138.6,65,11.34
283,Jamestown,0,AU,1569963598,24,-33.21,138.6,65,11.34
284,Jamestown,0,AU,1569963679,24,-33.21,138.6,65,11.34
285,Jamestown,0,AU,1569963679,24,-33.21,138.6,65,11.34
286,Jamestown,0,AU,1569963624,24,-33.21,138.6,65,11.34
287,Jamestown,0,AU,1569963624,24,-33.21,138.6,65,11.34
288,Jamestown,0,AU,1569963624,24,-33.21,138.6,65,11.34
289,Jamestown,0,AU,1569963624,24,-33.21,138.6,65,11.34
290,Jamestown,0,AU,1569963598,24,-33.21,138.6,65,11.34
291,Jamestown,0,AU,1569963624,24,-33.21,138.6,65,11.34
292,Jamestown,0,AU,1569963624,24,-33.21,138.6,65,11.34
293,Jamestown,0,AU,1569963598,24,-33.21,138.6,65,11.34
294,Jamestown,0,AU,1569963781,24,-33.21,138.6,65,11.34
295,Jamestown,0,AU,1569963781,24,-33.21,138.6,65,11.34
296,Jamestown,0,AU,1569963624,24,-33.21,138.6,65,11.34
297,Jamestown,0,AU,1569963598,24,-33.21,138.6,65,11.34
298,Jamestown,0,AU,1569963679,24,-33.21,138.6,65,11.34
299,Jamestown,0,AU,1569963679,24,-33.21,138.6,65,11.34
300,Jamestown,0,AU,1569963781,24,-33.21,138.6,65,11.34
301,Jamestown,0,AU,1569963679,24,-33.21,138.6,65,11.34
302,Jamestown,0,AU,1569963679,24,-33.21,138.6,65,11.34
303,Jamestown,0,AU,1569963624,24,-33.21,138.6,65,11.34
304,Jamestown,0,AU,1569963781,24,-33.21,138.6,65,11.34
305,Jamestown,0,AU,1569963598,24,-33.21,138.6,65,11.34
306,Jamestown,0,AU,1569963624,24,-33.21,138.6,65,11.34
307,Jamestown,0,AU,1569963598,24,-33.21,138.6,65,11.34
308,Jamestown,0,AU,1569963624,24,-33.21,138.6,65,11.34
309,Jamestown,0,AU,1569963781,24,-33.21,138.6,65,11.34
310,Jamestown,0,AU,1569963781,24,-33.21,138.6,65,11.34
311,Jamestown,0,AU,1569963598,24,-33.21,138.6,65,11.34
312,Jamestown,0,AU,1569963679,24,-33.21,138.6,65,11.34
313,Jamestown,0,AU,1569963781,24,-33.21,138.6,65,11.34
314,Jamestown,0,AU,1569963598,24,-33.21,138.6,65,11.34
315,Jamestown,0,AU,1569963598,24,-33.21,138.6,65,11.34
316,Jamestown,0,AU,1569963781,24,-33.21,138.6,65,11.34
317,Jamestown,0,AU,1569963598,24,-33.21,138.6,65,11.34
318,Jamestown,0,AU,1569963624,24,-33.21,138.6,65,11.34
319,Jamestown,0,AU,1569963598,24,-33.21,138.6,65,11.34
320,Jamestown,0,AU,1569963624,24,-33.21,138.6,65,11.34
321,Jamestown,0,AU,1569963598,24,-33.21,138.6,65,11.34
322,Jamestown,0,AU,1569963781,24,-33.21,138.6,65,11.34
323,Jamestown,0,AU,1569963679,24,-33.21,138.6,65,11.34
324,Jamestown,0,AU,1569963679,24,-33.21,138.6,65,11.34
325,Jamestown,0,AU,1569963598,24,-33.21,138.6,65,11.34
326,Jamestown,0,AU,1569963624,24,-33.21,138.6,65,11.34
327,Jamestown,0,AU,1569963781,24,-33.21,138.6,65,11.34
328,Jamestown,0,AU,1569963598,24,-33.21,138.6,65,11.34
329,Jamestown,0,AU,1569963781,24,-33.21,138.6,65,11.34
330,Jamestown,0,AU,1569963781,24,-33.21,138.6,65,11.34
331,Jamestown,0,AU,1569963781,24,-33.21,138.6,65,11.34
332,Jamestown,0,AU,1569963624,24,-33.21,138.6,65,11.34
333,Jamestown,0,AU,1569963624,24,-33.21,138.6,65,11.34
334,Jamestown,0,AU,1569963624,24,-33.21,138.6,65,11.34
335,Jamestown,0,AU,1569963679,24,-33.21,138.6,65,11.34
336,Jamestown,0,AU,1569963781,24,-33.21,138.6,65,11.34
337,Jamestown,0,AU,1569963781,24,-33.21,138.6,65,11.34
338,Jamestown,0,AU,1569963781,24,-33.21,138.6,65,11.34
339,Jamestown,0,AU,1569963598,24,-33.21,138.6,65,11.34
340,Jamestown,0,AU,1569963624,24,-33.21,138.6,65,11.34
341,Jamestown,0,AU,1569963624,24,-33.21,138.6,65,11.34
342,Jamestown,0,AU,1569963598,24,-33.21,138.6,65,11.34
343,Jamestown,0,AU,1569963624,24,-33.21,138.6,65,11.34
344,Jamestown,0,AU,1569963598,24,-33.21,138.6,65,11.34
345,Jamestown,0,AU,1569963598,24,-33.21,138.6,65,11.34
346,Jamestown,0,AU,1569963598,24,-33.21,138.6,65,11.34
347,Jamestown,0,AU,1569963624,24,-33.21,138.6,65,11.34
348,Jamestown,0,AU,1569963598,24,-33.21,138.6,65,11.34
349,Jamestown,0,AU,1569963598,24,-33.21,138.6,65,11.34
350,Jamestown,0,AU,1569963598,24,-33.21,138.6,65,11.34
351,Jamestown,0,AU,1569963624,24,-33.21,138.6,65,11.34
352,Jamestown,0,AU,1569963781,24,-33.21,138.6,65,11.34
353,Jamestown,0,AU,1569963624,24,-33.21,138.6,65,11.34
354,Jamestown,0,AU,1569963624,24,-33.21,138.6,65,11.34
355,Jamestown,0,AU,1569963781,24,-33.21,138.6,65,11.34
356,Jamestown,0,AU,1569963598,24,-33.21,138.6,65,11.34
357,Jamestown,0,AU,1569963624,24,-33.21,138.6,65,11.34
358,Jamestown,0,AU,1569963679,24,-33.21,138.6,65,11.34
359,Jamestown,0,AU,1569963679,24,-33.21,138.6,65,11.34
360,Jamestown,0,AU,1569963624,24,-33.21,138.6,65,11.34
361,Jamestown,0,AU,1569963781,24,-33.21,138.6,65,11.34
362,Jamestown,0,AU,1569963624,24,-33.21,138.6,65,11.34
363,Jamestown,0,AU,1569963679,24,-33.21,138.6,65,11.34
364,Jamestown,0,AU,1569963781,24,-33.21,138.6,65,11.34
365,Jamestown,0,AU,1569963598,24,-33.21,138.6,65,11.34
366,Jamestown,0,AU,1569963598,24,-33.21,138.6,65,11.34
367,Jamestown,0,AU,1569963679,24,-33.21,138.6,65,11.34
368,Jamestown,0,AU,1569963624,24,-33.21,138.6,65,11.34
369,Jamestown,0,AU,1569963679,24,-33.21,138.6,65,11.34
370,Jamestown,0,AU,1569963781,24,-33.21,138.6,65,11.34
371,Jamestown,0,AU,1569963598,24,-33.21,138.6,65,11.34
372,Jamestown,0,AU,1569963781,24,-33.21,138.6,65,11.34
373,Jamestown,0,AU,1569963624,24,-33.21,138.6,65,11.34
374,Jamestown,0,AU,1569963624,24,-33.21,138.6,65,11.34
375,Jamestown,0,AU,1569963624,24,-33.21,138.6,65,11.34
376,Jamestown,0,AU,1569963679,24,-33.21,138.6,65,11.34
377,Jamestown,0,AU,1569963781,24,-33.21,138.6,65,11.34
378,Jamestown,0,AU,1569963598,24,-33.21,138.6,65,11.34
379,Jamestown,0,AU,1569963624,24,-33.21,138.6,65,11.34
380,Jamestown,0,AU,1569963624,24,-33.21,138.6,65,11.34
381,Jamestown,0,AU,1569963781,24,-33.21,138.6,65,11.34
382,Jamestown,0,AU,1569963781,24,-33.21,138.6,65,11.34
383,Jamestown,0,AU,1569963781,24,-33.21,138.6,65,11.34
384,Jamestown,0,AU,1569963598,24,-33.21,138.6,65,11.34
385,Jamestown,0,AU,1569963679,24,-33.21,138.6,65,11.34
386,Jamestown,0,AU,1569963624,24,-33.21,138.6,65,11.34
387,Jamestown,0,AU,1569963598,24,-33.21,138.6,65,11.34
388,Jamestown,0,AU,1569963598,24,-33.21,138.6,65,11.34
389,Jamestown,0,AU,1569963781,24,-33.21,138.6,65,11.34
390,Jamestown,0,AU,1569963781,24,-33.21,138.6,65,11.34
391,Jamestown,0,AU,1569963679,24,-33.21,138.6,65,11.34
392,Jamestown,0,AU,1569963781,24,-33.21,138.6,65,11.34
393,Jamestown,0,AU,1569963598,24,-33.21,138.6,65,11.34
394,Jamestown,0,AU,1569963624,24,-33.21,138.6,65,11.34
395,Jamestown,0,AU,1569963679,24,-33.21,138.6,65,11.34
396,Jamestown,0,AU,1569963781,24,-33.21,138.6,65,11.34
397,Jamestown,0,AU,1569963598,24,-33.21,138.6,65,11.34
398,Jamestown,0,AU,1569963679,24,-33.21,138.6,65,11.34
399,Jamestown,0,AU,1569963781,24,-33.21,138.6,65,11.34
400,Jamestown,0,AU,1569963679,24,-33.21,138.6,65,11.34
401,Jamestown,0,AU,1569963781,24,-33.21,138.6,65,11.34
402,Jamestown,0,AU,1569963679,24,-33.21,138.6,65,11.34
403,Jamestown,0,AU,1569963624,24,-33.21,138.6,65,11.34
404,Jamestown,0,AU,1569963624,24,-33.21,138.6,65,11.34
405,Jamestown,0,AU,1569963624,24,-33.21,138.6,65,11.34
406,Jamestown,0,AU,1569963781,24,-33.21,138.6,65,11.34
407,Jamestown,0,AU,1569963781,24,-33.21,138.6,65,11.34
408,Jamestown,0,AU,1569963781,24,-33.21,138.6,65,11.34
409,Jamestown,0,AU,1569963781,24,-33.21,138.6,65,11.34
410,Jamestown,0,AU,1569963781,24,-33.21,138.6,65,11.34
411,Jamestown,0,AU,1569963624,24,-33.21,138.6,65,11.34
412,Jamestown,0,AU,1569963624,24,-33.21,138.6,65,11.34
413,Jamestown,0,AU,1569963624,24,-33.21,138.6,65,11.34
414,Jamestown,0,AU,1569963598,24,-33.21,138.6,65,11.34
415,Jamestown,0,AU,1569963679,24,-33.21,138.6,65,11.34
416,Jamestown,0,AU,1569963781,24,-33.21,138.6,65,11.34
417,Jamestown,0,AU,1569963624,24,-33.21,138.6,65,11.34
418,Jamestown,0,AU,1569963781,24,-33.21,138.6,65,11.34
419,Jamestown,0,AU,1569963624,24,-33.21,138.6,65,11.34
420,Jamestown,0,AU,1569963598,24,-33.21,138.6,65,11.34
421,Jamestown,0,AU,1569963781,24,-33.21,138.6,65,11.34
422,Jamestown,0,AU,1569963598,24,-33.21,138.6,65,11.34
423,Jamestown,0,AU,1569963624,24,-33.21,138.6,65,11.34
424,Jamestown,0,AU,1569963679,24,-33.21,138.6,65,11.34
425,Jamestown,0,AU,1569963598,24,-33.21,138.6,65,11.34
426,Jamestown,0,AU,1569963679,24,-33.21,138.6,65,11.34
427,Jamestown,0,AU,1569963598,24,-33.21,138.6,65,11.34
428,Jamestown,0,AU,1569963781,24,-33.21,138.6,65,11.34
429,Jamestown,0,AU,1569963679,24,-33.21,138.6,65,11.34
430,Jamestown,0,AU,1569963781,24,-33.21,138.6,65,11.34
431,Jamestown,0,AU,1569963624,24,-33.21,138.6,65,11.34
432,Jamestown,0,AU,1569963781,24,-33.21,138.6,65,11.34
433,Jamestown,0,AU,1569963624,24,-33.21,138.6,65,11.34
434,Jamestown,0,AU,1569963781,24,-33.21,138.6,65,11.34
435,Jamestown,0,AU,1569963598,24,-33.21,138.6,65,11.34
436,Jamestown,0,AU,1569963624,24,-33.21,138.6,65,11.34
437,Jamestown,0,AU,1569963679,24,-33.21,138.6,65,11.34
438,Jamestown,0,AU,1569963624,24,-33.21,138.6,65,11.34
439,Jamestown,0,AU,1569963679,24,-33.21,138.6,65,11.34
440,Jamestown,0,AU,1569963679,24,-33.21,138.6,65,11.34
441,Jamestown,0,AU,1569963598,24,-33.21,138.6,65,11.34
442,Jamestown,0,AU,1569963624,24,-33.21,138.6,65,11.34
443,Jamestown,0,AU,1569963781,24,-33.21,138.6,65,11.34
444,Jamestown,0,AU,1569963679,24,-33.21,138.6,65,11.34
445,Jamestown,0,AU,1569963679,24,-33.21,138.6,65,11.34
446,Jamestown,0,AU,1569963624,24,-33.21,138.6,65,11.34
447,Jamestown,0,AU,1569963679,24,-33.21,138.6,65,11.34
448,Jamestown,0,AU,1569963781,24,-33.21,138.6,65,11.34
449,Jamestown,0,AU,1569963624,24,-33.21,138.6,65,11.34
450,Jamestown,0,AU,1569963781,24,-33.21,138.6,65,11.34
451,Jamestown,0,AU,1569963624,24,-33.21,138.6,65,11.34
452,Jamestown,0,AU,1569963624,24,-33.21,138.6,65,11.34
453,Jamestown,0,AU,1569963624,24,-33.21,138.6,65,11.34
454,Jamestown,0,AU,1569963624,24,-33.21,138.6,65,11.34
455,Jamestown,0,AU,1569963624,24,-33.21,138.6,65,11.34
456,Jamestown,0,AU,1569963624,24,-33.21,138.6,65,11.34
457,Jamestown,0,AU,1569963624,24,-33.21,138.6,65,11.34
458,Jamestown,0,AU,1569963624,24,-33.21,138.6,65,11.34
459,Jamestown,0,AU,1569963598,24,-33.21,138.6,65,11.34
460,Jamestown,0,AU,1569963679,24,-33.21,138.6,65,11.34
461,Jamestown,0,AU,1569963598,24,-33.21,138.6,65,11.34
462,Jamestown,0,AU,1569963781,24,-33.21,138.6,65,11.34
463,Jamestown,0,AU,1569963624,24,-33.21,138.6,65,11.34
464,Jamestown,0,AU,1569963598,24,-33.21,138.6,65,11.34
465,Jamestown,0,AU,1569963781,24,-33.21,138.6,65,11.34
466,Jamestown,0,AU,1569963679,24,-33.21,138.6,65,11.34
467,Jamestown,0,AU,1569963624,24,-33.21,138.6,65,11.34
468,Jamestown,0,AU,1569963781,24,-33.21,138.6,65,11.34
469,Jamestown,0,AU,1569963679,24,-33.21,138.6,65,11.34
470,Jamestown,0,AU,1569963679,24,-33.21,138.6,65,11.34
471,Jamestown,0,AU,1569963679,24,-33.21,138.6,65,11.34
472,Jamestown,0,AU,1569963679,24,-33.21,138.6,65,11.34
473,Jamestown,0,AU,1569963781,24,-33.21,138.6,65,11.34
474,Jamestown,0,AU,1569963598,24,-33.21,138.6,65,11.34
475,Jamestown,0,AU,1569963598,24,-33.21,138.6,65,11.34
476,Jamestown,0,AU,1569963679,24,-33.21,138.6,65,11.34
477,Jamestown,0,AU,1569963781,24,-33.21,138.6,65,11.34
478,Jamestown,0,AU,1569963781,24,-33.21,138.6,65,11.34
479,Jamestown,0,AU,1569963679,24,-33.21,138.6,65,11.34
480,Jamestown,0,AU,1569963679,24,-33.21,138.6,65,11.34
481,Jamestown,0,AU,1569963679,24,-33.21,138.6,65,11.34
482,Jamestown,0,AU,1569963624,24,-33.21,138.6,65,11.34
483,Jamestown,0,AU,1569963679,24,-33.21,138.6,65,11.34
484,Jamestown,0,AU,1569963624,24,-33.21,138.6,65,11.34
485,Jamestown,0,AU,1569963624,24,-33.21,138.6,65,11.34
486,Jamestown,0,AU,1569963598,24,-33.21,138.6,65,11.34
487,Jamestown,0,AU,1569963598,24,-33.21,138.6,65,11.34
488,Jamestown,0,AU,1569963624,24,-33.21,138.6,65,11.34
489,Jamestown,0,AU,1569963781,24,-33.21,138.6,65,11.34
490,Jamestown,0,AU,1569963781,24,-33.21,138.6,65,11.34
491,Jamestown,0,AU,1569963679,24,-33.21,138.6,65,11.34
492,Jamestown,0,AU,1569963624,24,-33.21,138.6,65,11.34
493,Jamestown,0,AU,1569963598,24,-33.21,138.6,65,11.34
494,Jamestown,0,AU,1569963679,24,-33.21,138.6,65,11.34
495,Jamestown,0,AU,1569963624,24,-33.21,138.6,65,11.34
496,Jamestown,0,AU,1569963624,24,-33.21,138.6,65,11.34
497,Jamestown,0,AU,1569963598,24,-33.21,138.6,65,11.34
498,Jamestown,0,AU,1569963624,24,-33.21,138.6,65,11.34
499,Jamestown,0,AU,1569963679,24,-33.21,138.6,65,11.34
500,Jamestown,0,AU,1569963624,24,-33.21,138.6,65,11.34
501,Jamestown,0,AU,1569963598,24,-33.21,138.6,65,11.34
502,Jamestown,0,AU,1569963679,24,-33.21,138.6,65,11.34
503,Jamestown,0,AU,1569963598,24,-33.21,138.6,65,11.34
504,Jamestown,0,AU,1569963624,24,-33.21,138.6,65,11.34
505,Jamestown,0,AU,1569963781,24,-33.21,138.6,65,11.34
506,Jamestown,0,AU,1569963624,24,-33.21,138.6,65,11.34
507,Jamestown,0,AU,1569963624,24,-33.21,138.6,65,11.34
508,Jamestown,0,AU,1569963781,24,-33.21,138.6,65,11.34
509,Jamestown,0,AU,1569963679,24,-33.21,138.6,65,11.34
510,Jamestown,0,AU,1569963679,24,-33.21,138.6,65,11.34
511,Jamestown,0,AU,1569963781,24,-33.21,138.6,65,11.34
512,Jamestown,0,AU,1569963598,24,-33.21,138.6,65,11.34
513,Jamestown,0,AU,1569963624,24,-33.21,138.6,65,11.34
514,Jamestown,0,AU,1569963598,24,-33.21,138.6,65,11.34
515,Jamestown,0,AU,1569963598,24,-33.21,138.6,65,11.34
516,Jamestown,0,AU,1569963679,24,-33.21,138.6,65,11.34
517,Jamestown,0,AU,1569963598,24,-33.21,138.6,65,11.34
518,Jamestown,0,AU,1569963679,24,-33.21,138.6,65,11.34
519,Jamestown,0,AU,1569963598,24,-33.21,138.6,65,11.34
520,Jamestown,0,AU,1569963624,24,-33.21,138.6,65,11.34
521,Jamestown,0,AU,1569963598,24,-33.21,138.6,65,11.34
522,Jamestown,0,AU,1569963679,24,-33.21,138.6,65,11.34
523,Jamestown,0,AU,1569963781,24,-33.21,138.6,65,11.34
524,Jamestown,0,AU,1569963679,24,-33.21,138.6,65,11.34
525,Jamestown,0,AU,1569963679,24,-33.21,138.6,65,11.34
526,Jamestown,0,AU,1569963679,24,-33.21,138.6,65,11.34
527,Jamestown,0,AU,1569963781,24,-33.21,138.6,65,11.34
528,Jamestown,0,AU,1569963679,24,-33.21,138.6,65,11.34
529,Jamestown,0,AU,1569963679,24,-33.21,138.6,65,11.34
530,Jamestown,0,AU,1569963624,24,-33.21,138.6,65,11.34
531,Jamestown,0,AU,1569963624,24,-33.21,138.6,65,11.34
532,Jamestown,0,AU,1569963679,24,-33.21,138.6,65,11.34
533,Jamestown,0,AU,1569963781,24,-33.21,138.6,65,11.34
534,Jamestown,0,AU,1569963781,24,-33.21,138.6,65,11.34
535,Jamestown,0,AU,1569963679,24,-33.21,138.6,65,11.34
536,Jamestown,0,AU,1569963624,24,-33.21,138.6,65,11.34
537,Jamestown,0,AU,1569963781,24,-33.21,138.6,65,11.34
538,Jamestown,0,AU,1569963679,24,-33.21,138.6,65,11.34
539,Jamestown,0,AU,1569963781,24,-33.21,138.6,65,11.34
540,Jamestown,0,AU,1569963781,24,-33.21,138.6,65,11.34
541,Jamestown,0,AU,1569963679,24,-33.21,138.6,65,11.34
542,Jamestown,0,AU,1569963679,24,-33.21,138.6,65,11.34
543,Jamestown,0,AU,1569963781,24,-33.21,138.6,65,11.34
544,Jamestown,0,AU,1569963781,24,-33.21,138.6,65,11.34
545,Jamestown,0,AU,1569963598,24,-33.21,138.6,65,11.34
546,Jamestown,0,AU,1569963598,24,-33.21,138.6,65,11.34
547,Jamestown,0,AU,1569963624,24,-33.21,138.6,65,11.34
548,Jamestown,0,AU,1569963679,24,-33.21,138.6,65,11.34
549,Jamestown,0,AU,1569963598,24,-33.21,138.6,65,11.34
550,Jamestown,0,AU,1569963624,24,-33.21,138.6,65,11.34
551,Jamestown,0,AU,1569963679,24,-33.21,138.6,65,11.34
552,Jamestown,0,AU,1569963679,24,-33.21,138.6,65,11.34
553,Jamestown,0,AU,1569963624,24,-33.21,138.6,65,11.34
554,Jamestown,0,AU,1569963679,24,-33.21,138.6,65,11.34
555,Jamestown,0,AU,1569963598,24,-33.21,138.6,65,11.34
556,Jamestown,0,AU,1569963624,24,-33.21,138.6,65,11.34
557,Jamestown,0,AU,1569963679,24,-33.21,138.6,65,11.34
558,Jamestown,0,AU,1569963679,24,-33.21,138.6,65,11.34
559,Jamestown,0,AU,1569963679,24,-33.21,138.6,65,11.34
560,Jamestown,0,AU,1569963624,24,-33.21,138.6,65,11.34
561,Jamestown,0,AU,1569963679,24,-33.21,138.6,65,11.34
562,Jamestown,0,AU,1569963679,24,-33.21,138.6,65,11.34
563,Jamestown,0,AU,1569963781,24,-33.21,138.6,65,11.34
564,Jamestown,0,AU,1569963781,24,-33.21,138.6,65,11.34
565,Jamestown,0,AU,1569963781,24,-33.21,138.6,65,11.34
566,Jamestown,0,AU,1569963679,24,-33.21,138.6,65,11.34
567,Jamestown,0,AU,1569963679,24,-33.21,138.6,65,11.34
568,Jamestown,0,AU,1569963781,24,-33.21,138.6,65,11.34
569,Jamestown,0,AU,1569963781,24,-33.21,138.6,65,11.34
570,Jamestown,0,AU,1569963679,24,-33.21,138.6,65,11.34
571,Jamestown,0,AU,1569963781,24,-33.21,138.6,65,11.34
572,Jamestown,0,AU,1569963624,24,-33.21,138.6,65,11.34
573,Jamestown,0,AU,1569963624,24,-33.21,138.6,65,11.34
574,Jamestown,0,AU,1569963624,24,-33.21,138.6,65,11.34
575,Jamestown,0,AU,1569963781,24,-33.21,138.6,65,11.34
576,Jamestown,0,AU,1569963598,24,-33.21,138.6,65,11.34
577,Jamestown,0,AU,1569963598,24,-33.21,138.6,65,11.34
578,Jamestown,0,AU,1569963679,24,-33.21,138.6,65,11.34
579,Jamestown,0,AU,1569963679,24,-33.21,138.6,65,11.34
580,Jamestown,0,AU,1569963624,24,-33.21,138.6,65,11.34
581,Jamestown,0,AU,1569963679,24,-33.21,138.6,65,11.34
582,Jamestown,0,AU,1569963679,24,-33.21,138.6,65,11.34
583,Jamestown,0,AU,1569963598,24,-33.21,138.6,65,11.34
584,Jamestown,0,AU,1569963781,24,-33.21,138.6,65,11.34
585,Jamestown,0,AU,1569963598,24,-33.21,138.6,65,11.34
586,Jamestown,0,AU,1569963679,24,-33.21,138.6,65,11.34
587,Jamestown,0,AU,1569963598,24,-33.21,138.6,65,11.34
588,Jamestown,0,AU,1569963781,24,-33.21,138.6,65,11.34
589,Jamestown,0,AU,1569963781,24,-33.21,138.6,65,11.34
590,Jamestown,0,AU,1569963679,24,-33.21,138.6,65,11.34
591,Jamestown,0,AU,1569963624,24,-33.21,138.6,65,11.34
592,Jamestown,0,AU,1569963679,24,-33.21,138.6,65,11.34
593,Jamestown,0,AU,1569963624,24,-33.21,138.6,65,11.34
594,Jamestown,0,AU,1569963679,24,-33.21,138.6,65,11.34
595,Jamestown,0,AU,1569963598,24,-33.21,138.6,65,11.34
596,Jamestown,0,AU,1569963781,24,-33.21,138.6,65,11.34
597,Jamestown,0,AU,1569963781,24,-33.21,138.6,65,11.34
598,Jamestown,0,AU,1569963679,24,-33.21,138.6,65,11.34
599,Jamestown,0,AU,1569963598,24,-33.21,138.6,65,11.34
600,Jamestown,0,AU,1569963781,24,-33.21,138.6,65,11.34
601,Jamestown,0,AU,1569963679,24,-33.21,138.6,65,11.34
602,Jamestown,0,AU,1569963781,24,-33.21,138.6,65,11.34
603,Jamestown,0,AU,1569963679,24,-33.21,138.6,65,11.34
604,Jamestown,0,AU,1569963781,24,-33.21,138.6,65,11.34
605,Jamestown,0,AU,1569963624,24,-33.21,138.6,65,11.34
606,Jamestown,0,AU,1569963781,24,-33.21,138.6,65,11.34
607,Jamestown,0,AU,1569963679,24,-33.21,138.6,65,11.34
608,Jamestown,0,AU,1569963624,24,-33.21,138.6,65,11.34
609,Jamestown,0,AU,1569963679,24,-33.21,138.6,65,11.34
610,Jamestown,0,AU,1569963624,24,-33.21,138.6,65,11.34
